motif_id,sequence,Lib_log2FC_rep1,Lib_log2FC_rep2,Lib_log2FC_rep3,DBD_log2FC_rep1,DBD_log2FC_rep2,DBD_log2FC_rep3,Lib_log2FC_mean,DBD_log2FC_mean,delta_DBD_minus_Lib,all_3_DBD_above_all_3_Lib,tier
63,GTCTATTAATAATTGACAAA,3.646,3.586,3.51,1.359,1.956,1.618,3.581,1.644,-1.936,FALSE,Self-activator (enriched both conditions)
2,CTCGGTTGATCACTCACTTC,3.958,4.012,4.028,2.5,3.113,2.396,3.999,2.669,-1.33,FALSE,Self-activator (enriched both conditions)
10,CTGGGCAAATCATTAACCTC,-1.868,-2.099,-2.004,-2.863,-3.459,-3.551,-1.99,-3.291,-1.301,FALSE,No DBD-specific enrichment
37,GACGTGAATTAGTAACCACC,-3.483,-3.713,-4.619,-5.006,-4.602,-5.694,-3.938,-5.101,-1.163,FALSE,No DBD-specific enrichment
22,AGAGAAAATGATTAAGCTTT,-2.038,-2.269,-2.174,-2.863,-3.459,-3.551,-2.16,-3.291,-1.131,FALSE,No DBD-specific enrichment
17,GCTGCCAATCATTAACCTCC,-4.058,-4.289,-5.194,-5.136,-5.732,-5.824,-4.514,-5.564,-1.051,FALSE,No DBD-specific enrichment
62,AAAAGCTAATAATTGACAGC,4.132,4.267,4.202,3.181,3.73,2.578,4.2,3.163,-1.037,FALSE,Self-activator (enriched both conditions)
45,CATGTTAATAACAAATCACA,-1.822,-3.053,-3.958,-3.526,-4.122,-4.214,-2.945,-3.954,-1.01,FALSE,No DBD-specific enrichment
40,TGTGGTTAATGATTAATCGC,-2.328,-4.143,-4.049,-4.366,-4.962,-4.054,-3.506,-4.46,-0.954,FALSE,No DBD-specific enrichment
48,CAGGGTTAATCATTTCCACG,-2.676,-3.906,-2.812,-3.922,-3.518,-4.61,-3.131,-4.017,-0.886,FALSE,No DBD-specific enrichment
25,CTTGTTAATTATTAAACCCT,-3.078,-3.308,-4.214,-3.979,-4.575,-4.667,-3.533,-4.407,-0.874,FALSE,No DBD-specific enrichment
41,GCAGCTAATAATAAACCAGT,-5.208,-4.439,-5.344,-5.387,-5.983,-6.075,-4.997,-5.815,-0.818,FALSE,No DBD-specific enrichment
21,CCAAGTCAATGTTTAACTGG,-2.19,-2.421,-2.326,-2.6,-3.196,-3.288,-2.312,-3.028,-0.716,FALSE,No DBD-specific enrichment
47,AGAGGTTGATTTTTAACTAC,3.812,3.614,3.709,2.978,3.642,2.464,3.711,3.028,-0.683,FALSE,Self-activator (enriched both conditions)
11,AAAGGTAATGATTAATCTGT,-2.038,-2.269,-2.174,-2.278,-2.874,-2.966,-2.16,-2.706,-0.546,FALSE,No DBD-specific enrichment
13,AAGGGTAAATCTTTAACGAG,-2.453,-1.684,-2.589,-1.278,-3.459,-3.551,-2.242,-2.763,-0.521,FALSE,No DBD-specific enrichment
15,GCTGGTGGATTATTAACAGA,3.808,3.753,3.983,3.464,3.422,3.181,3.848,3.356,-0.492,FALSE,Self-activator (enriched both conditions)
1,CTCGGTTGATCACTCACCTC,4.466,4.247,4.281,4.007,4.04,3.668,4.331,3.905,-0.426,FALSE,Self-activator (enriched both conditions)
36,CATGTTAAATATTAATTTGT,-1.531,-0.539,-2.252,-1.67,-2.267,-1.551,-1.441,-1.83,-0.389,FALSE,No DBD-specific enrichment
61,CCGATTAACCATTAACCCCC,-2.956,-3.186,-3.092,-2.979,-3.575,-3.667,-3.078,-3.407,-0.329,FALSE,No DBD-specific enrichment
14,GATGTTAATCAGTAACCGTC,-2.569,-2.799,-2.705,-2.448,-3.044,-3.136,-2.691,-2.876,-0.185,FALSE,No DBD-specific enrichment
7,CTTGTTAATAAGTAATTCCC,-4.846,-5.076,-4.981,-4.67,-5.267,-5.359,-4.968,-5.099,-0.131,FALSE,No DBD-specific enrichment
4,AATATTAATTTTTAACTTCT,-3.676,-3.906,-3.812,-3.802,-4.398,-3.49,-3.798,-3.897,-0.099,FALSE,No DBD-specific enrichment
58,TGAGTTAATATTTAGCCCAG,1.049,1.901,0.913,1.137,0.862,1.671,1.288,1.223,-0.065,FALSE,Self-activator (enriched both conditions)
18,GCTGTTAATCATTCATTGGG,-2.453,-2.684,-2.589,-2.085,-2.682,-2.774,-2.575,-2.514,0.062,FALSE,No DBD-specific enrichment
53,GCAGTGAATTATTTACCTCT,-3.294,-4.525,-4.43,-4.085,-4.682,-3.189,-4.083,-3.985,0.098,FALSE,No DBD-specific enrichment
51,AATGGTTAATGTTTAAGCGC,-1.956,-3.186,-3.092,-2.738,-3.334,-1.841,-2.744,-2.637,0.107,FALSE,No DBD-specific enrichment
54,CCCAGAAATCATTAACCAGC,-3.891,-5.121,-5.027,-3.421,-5.602,-4.694,-4.679,-4.573,0.107,FALSE,No DBD-specific enrichment
32,CAAGTTACTGATTAACCCTA,-4.278,-5.508,-5.414,-4.833,-5.429,-4.521,-5.066,-4.928,0.139,FALSE,No DBD-specific enrichment
43,GTGGTGGATCATTAACCAGC,-3.261,-2.169,-2.812,-1.863,-2.874,-2.966,-2.747,-2.568,0.179,FALSE,No DBD-specific enrichment
6,CATGCAAATTATTGACCTCA,2.132,2.421,2.043,2.804,1.992,2.338,2.199,2.378,0.18,FALSE,Self-activator (enriched both conditions)
9,CACATTAATTAGTAACTTTT,-3.623,-3.854,-3.759,-3.085,-3.682,-3.774,-3.745,-3.514,0.232,FALSE,No DBD-specific enrichment
56,AACATTAAACATTAAACAGT,-3.541,-4.771,-4.677,-3.922,-3.518,-4.61,-4.329,-4.017,0.313,FALSE,No DBD-specific enrichment
52,CCCTCTAACCATTAACCACC,-3.328,-3.558,-3.464,-2.366,-3.962,-3.054,-3.45,-3.127,0.323,FALSE,No DBD-specific enrichment
44,ACGGCTTAATGATTAACTAT,-3.392,-3.622,-3.528,-3.526,-3.122,-2.629,-3.514,-3.093,0.421,FALSE,No DBD-specific enrichment
12,TTGGGTTAATCATCACTGGG,-1.676,-1.906,-1.812,-0.863,-1.459,-1.551,-1.798,-1.291,0.506,TRUE,No DBD-specific enrichment
28,AATGATTAATAAATAATATG,-1.453,-2.684,-2.589,-0.6,-2.196,-2.288,-2.242,-1.695,0.547,FALSE,No DBD-specific enrichment
42,GCTAGTTAATGATTAGTGAA,-1.676,-2.906,-2.812,-1.6,-2.196,-1.703,-2.464,-1.833,0.631,FALSE,No DBD-specific enrichment
33,CTGAATTAATAATGAACAAT,-3.36,-4.591,-4.496,-3.085,-4.682,-2.774,-4.149,-3.514,0.635,FALSE,No DBD-specific enrichment
20,TTTGTTTAATGATCAACAGT,-2.569,-2.799,-2.705,-1.6,-2.196,-2.288,-2.691,-2.028,0.663,TRUE,No DBD-specific enrichment
59,TTTTTTAATGGTTAGCCTTT,-4.998,-4.228,-5.133,-4.059,-4.071,-4.163,-4.786,-4.098,0.689,TRUE,No DBD-specific enrichment
24,ATGGTTTAATGATTAACAGC,1.016,1.627,1.465,2.084,1.541,2.584,1.37,2.07,0.7,FALSE,Self-activator (enriched both conditions)
50,AATGTTAACGATCACCCCAA,-4.65,-3.88,-4.201,-3.693,-3.553,-3.382,-4.243,-3.542,0.701,TRUE,No DBD-specific enrichment
29,CACAGTCAAACATTAACTTG,-4.078,-4.308,-4.214,-4.033,-3.629,-2.721,-4.2,-3.461,0.739,TRUE,No DBD-specific enrichment
34,CAAGGTTAACGATTAAATGG,-2.71,-4.525,-4.43,-3.67,-3.267,-2.359,-3.888,-3.099,0.79,FALSE,No DBD-specific enrichment
60,CATTGTTAATAATTAATACT,-3.956,-3.186,-4.092,-1.941,-4.122,-2.214,-3.744,-2.759,0.985,FALSE,No DBD-specific enrichment
39,ACTGTTAATAATTAACACTC,-2.453,-2.684,-2.004,-1.185,-1.459,-1.066,-2.38,-1.237,1.144,TRUE,No DBD-specific enrichment
46,TCATGTTAAACATTAACAGC,-2.743,-2.973,-4.464,-2.217,-2.398,-1.32,-3.393,-1.978,1.415,TRUE,No DBD-specific enrichment
49,AGGGATAAATTATTAGCAGC,-3.226,-2.134,-3.362,-2.394,-1.575,-0.275,-2.907,-1.414,1.493,FALSE,No DBD-specific enrichment
27,TAAGGATAATTGTTAATGTA,-1.956,-3.186,-3.092,-0.278,-1.611,-1.703,-2.744,-1.198,1.547,TRUE,Tier 2 (reproducible DBD-specific)
3,TGAAGTTACTCATTAGCAGG,-3.483,-4.713,-4.619,-2.5,-2.36,-3.189,-4.272,-2.683,1.589,TRUE,Tier 2 (reproducible DBD-specific)
26,ATTAGACAATCATTAACAAG,-2.605,-4.421,-3.326,-1.136,-1.925,-2.239,-3.451,-1.767,1.684,TRUE,Tier 2 (reproducible DBD-specific)
57,CCTAGTTAATAATTTGCATC,-3.078,-3.308,-2.629,-1.153,-2.597,-0.204,-3.005,-1.318,1.687,TRUE,Tier 2 (reproducible DBD-specific)
23,TAACTTAATATTTAACCTAA,-3.676,-3.906,-3.812,-1.863,-2.459,-1.966,-3.798,-2.096,1.701,TRUE,Tier 2 (reproducible DBD-specific)
35,TCTAGTTAATAATCTACAAT,-3.283,-2.099,-3.004,-1.104,-1.838,-0.252,-2.795,-1.065,1.731,TRUE,Tier 2 (reproducible DBD-specific)
55,GCAGGTTCATTACTAACAGA,-4.483,-3.128,-4.619,-2.314,-2.232,-1.865,-4.077,-2.137,1.94,TRUE,Tier 2 (reproducible DBD-specific)
38,GAAGTTAAAAATTAAGCGGC,-2.512,-3.743,-3.648,-1.044,-1.155,-0.147,-3.301,-0.782,2.519,TRUE,Tier 1 (bulletproof DBD-specific)
16,TTTGGTTAGTAATTACTAAA,-2.19,-1.421,-2.326,0.722,-0.36,1.396,-1.979,0.586,2.565,TRUE,Tier 1 (bulletproof DBD-specific)
31,CCTGTTTAATAATTACCAGA,-4.726,-2.957,-4.862,-1.199,-2.28,-0.268,-4.182,-1.249,2.933,TRUE,Tier 1 (bulletproof DBD-specific)
19,TTAAATTAAAGATTAACAAA,-1.453,0.638,0.411,3.236,3.151,3.226,-0.135,3.205,3.339,TRUE,Tier 1 (bulletproof DBD-specific)
5,TGCATTTAACTATTAACAAT,-3.623,-1.046,-1.174,1.4,1.052,2.087,-1.948,1.513,3.461,TRUE,Tier 1 (bulletproof DBD-specific)
30,AATGTTAATAGTTAATTTGA,-3.998,-4.228,-4.133,-0.693,-0.874,0.034,-4.12,-0.511,3.608,TRUE,Tier 1 (bulletproof DBD-specific)
0,AGTTAATTATTAACCAA,-3.913,-1.558,-2.464,0.57,0.611,1.77,-2.645,0.984,3.629,TRUE,Tier 1 (bulletproof DBD-specific)