peak_id,strand,reem_id,reem_seq,delta,tier,tissue,peak_id_csv,peak_score
chr14_57493867-57494238,-,19,TTAAATTAAAGATTAACAAA,3.339,Tier 1 (bulletproof DBD-specific),Islet,chr14:57493867-57494238,111
chr14_57493867-57494238,-,20,TTTGTTTAATGATCAACAGT,0.663,No DBD-specific enrichment,Islet,chr14:57493867-57494238,111
chr14_57493867-57494238,-,21,CCAAGTCAATGTTTAACTGG,-0.716,No DBD-specific enrichment,Islet,chr14:57493867-57494238,111
chr5_157059013-157059360,-,24,ATGGTTTAATGATTAACAGC,0.7,Self-activator (enriched both conditions),Islet,chr5:157059013-157059360,84
chr2_197452926-197453289,+,26,ATTAGACAATCATTAACAAG,1.684,Tier 2 (reproducible DBD-specific),Islet,chr2:197452926-197453289,84
chr1_19815151-19815561,-,32,CAAGTTACTGATTAACCCTA,0.139,No DBD-specific enrichment,Islet,chr1:19815151-19815561,79
chr2_132416327-132416834,+,40,TGTGGTTAATGATTAATCGC,-0.954,No DBD-specific enrichment,Islet,chr2:132416327-132416834,373
chr14_81533977-81534406,-,58,TGAGTTAATATTTAGCCCAG,-0.065,Self-activator (enriched both conditions),Islet,chr14:81533977-81534406,186
chr6_31655560-31656114,+,3,TGAAGTTACTCATTAGCAGG,1.589,Tier 2 (reproducible DBD-specific),HepG2,chr6:31655560-31656114,1434
chr4_68951642-68952018,-,4,AATATTAATTTTTAACTTCT,-0.099,No DBD-specific enrichment,HepG2,chr4:68951642-68952018,97
chr7_30594167-30594607,+,10,CTGGGCAAATCATTAACCTC,-1.301,No DBD-specific enrichment,HepG2,chr7:30594167-30594607,166
chr2_27496536-27497013,+,12,TTGGGTTAATCATCACTGGG,0.506,No DBD-specific enrichment,HepG2,chr2:27496536-27497013,461
chr9_114099231-114099655,-,13,AAGGGTAAATCTTTAACGAG,-0.521,No DBD-specific enrichment,HepG2,chr9:114099231-114099655,199
chr14_94293053-94293560,-,14,GATGTTAATCAGTAACCGTC,-0.185,No DBD-specific enrichment,HepG2,chr14:94293053-94293560,923
chr3_149474323-149474801,+,15,GCTGGTGGATTATTAACAGA,-0.492,Self-activator (enriched both conditions),HepG2,chr3:149474323-149474801,220
chr7_45888154-45888686,+,17,GCTGCCAATCATTAACCTCC,-1.051,No DBD-specific enrichment,HepG2,chr7:45888154-45888686,1081
chr1_207103910-207104460,+,18,GCTGTTAATCATTCATTGGG,0.062,No DBD-specific enrichment,HepG2,chr1:207103910-207104460,665
chr14_57493835-57494222,-,19,TTAAATTAAAGATTAACAAA,3.339,Tier 1 (bulletproof DBD-specific),HepG2,chr14:57493835-57494222,79
chr14_57493835-57494222,-,20,TTTGTTTAATGATCAACAGT,0.663,No DBD-specific enrichment,HepG2,chr14:57493835-57494222,79
chr14_57493835-57494222,-,21,CCAAGTCAATGTTTAACTGG,-0.716,No DBD-specific enrichment,HepG2,chr14:57493835-57494222,79
chr5_157058936-157059474,-,24,ATGGTTTAATGATTAACAGC,0.7,Self-activator (enriched both conditions),HepG2,chr5:157058936-157059474,1136
chr14_39233595-39234258,+,25,CTTGTTAATTATTAAACCCT,-0.874,No DBD-specific enrichment,HepG2,chr14:39233595-39234258,754
chr2_197452787-197453394,+,26,ATTAGACAATCATTAACAAG,1.684,Tier 2 (reproducible DBD-specific),HepG2,chr2:197452787-197453394,916
chr4_99219059-99219572,-,31,CCTGTTTAATAATTACCAGA,2.933,Tier 1 (bulletproof DBD-specific),HepG2,chr4:99219059-99219572,491
chr1_19815190-19815572,-,32,CAAGTTACTGATTAACCCTA,0.139,No DBD-specific enrichment,HepG2,chr1:19815190-19815572,184
chr10_99782409-99782904,+,34,CAAGGTTAACGATTAAATGG,0.79,No DBD-specific enrichment,HepG2,chr10:99782409-99782904,398
chr4_73404008-73404427,+,35,TCTAGTTAATAATCTACAAT,1.731,Tier 2 (reproducible DBD-specific),HepG2,chr4:73404008-73404427,175
chr6_25930510-25930939,-,38,GAAGTTAAAAATTAAGCGGC,2.519,Tier 1 (bulletproof DBD-specific),HepG2,chr6:25930510-25930939,137
chr2_132416322-132416847,+,40,TGTGGTTAATGATTAATCGC,-0.954,No DBD-specific enrichment,HepG2,chr2:132416322-132416847,1416
chr7_44541148-44541775,-,43,GTGGTGGATCATTAACCAGC,0.179,No DBD-specific enrichment,HepG2,chr7:44541148-44541775,1328
chr4_3441676-3442164,+,48,CAGGGTTAATCATTTCCACG,-0.886,No DBD-specific enrichment,HepG2,chr4:3441676-3442164,431
chr17_66229204-66229835,-,51,AATGGTTAATGTTTAAGCGC,0.107,No DBD-specific enrichment,HepG2,chr17:66229204-66229835,2020
chr14_94323105-94323649,-,52,CCCTCTAACCATTAACCACC,0.323,No DBD-specific enrichment,HepG2,chr14:94323105-94323649,444
chr14_64942811-64943199,-,53,GCAGTGAATTATTTACCTCT,0.098,No DBD-specific enrichment,HepG2,chr14:64942811-64943199,180
chr12_89353095-89353677,-,54,CCCAGAAATCATTAACCAGC,0.107,No DBD-specific enrichment,HepG2,chr12:89353095-89353677,1170
chr14_81533808-81534507,-,58,TGAGTTAATATTTAGCCCAG,-0.065,Self-activator (enriched both conditions),HepG2,chr14:81533808-81534507,1039
chr10_5195974-5196398,+,60,CATTGTTAATAATTAATACT,0.985,No DBD-specific enrichment,HepG2,chr10:5195974-5196398,177
chr20_44400915-44401383,+,61,CCGATTAACCATTAACCCCC,-0.329,No DBD-specific enrichment,HepG2,chr20:44400915-44401383,737
chr8_54134648-54135287,+,62,AAAAGCTAATAATTGACAGC,-1.037,Self-activator (enriched both conditions),HepG2,chr8:54134648-54135287,502
