tissue,reem_id,reem_seq,query,peak_id,peak_score,delta,tier,strand
Islet,40,TGTGGTTAATGATTAATCGC,TGTGGTTAATGATTAATCGC,chr2_132416327-132416834,373,-0.954,No DBD-specific enrichment,+
Islet,21,CCAAGTCAATGTTTAACTGG,CCAAGTCAATGTTTAACTGG,chr14_57493867-57494238,111,-0.716,No DBD-specific enrichment,-
Islet,58,TGAGTTAATATTTAGCCCAG,TGAGTTAATATTTAGCCCAG,chr14_81533977-81534406,186,-0.065,Self-activator (enriched both conditions),-
Islet,32,CAAGTTACTGATTAACCCTA,CAAGTTACTGATTAACCCTA,chr1_19815151-19815561,79,0.139,No DBD-specific enrichment,-
Islet,20,TTTGTTTAATGATCAACAGT,TTTGTTTAATGATCAACAGT,chr14_57493867-57494238,111,0.663,No DBD-specific enrichment,-
Islet,24,ATGGTTTAATGATTAACAGC,ATGGTTTAATGATTAACAGC,chr5_157059013-157059360,84,0.7,Self-activator (enriched both conditions),-
Islet,26,ATTAGACAATCATTAACAAG,ATTAGACAATCATTAACAAG,chr2_197452926-197453289,84,1.684,Tier 2 (reproducible DBD-specific),+
Islet,19,TTAAATTAAAGATTAACAAA,TTAAATTAAAGATTAACAAA,chr14_57493867-57494238,111,3.339,Tier 1 (bulletproof DBD-specific),-
HepG2,10,CTGGGCAAATCATTAACCTC,CTGGGCAAATCATTAACCTC,chr7_30594167-30594607,166,-1.301,No DBD-specific enrichment,+
HepG2,17,GCTGCCAATCATTAACCTCC,GCTGCCAATCATTAACCTCC,chr7_45888154-45888686,1081,-1.051,No DBD-specific enrichment,+
HepG2,62,AAAAGCTAATAATTGACAGC,AAAAGCTAATAATTGACAGC,chr8_54134648-54135287,502,-1.037,Self-activator (enriched both conditions),+
HepG2,40,TGTGGTTAATGATTAATCGC,TGTGGTTAATGATTAATCGC,chr2_132416322-132416847,1416,-0.954,No DBD-specific enrichment,+
HepG2,48,CAGGGTTAATCATTTCCACG,CAGGGTTAATCATTTCCACG,chr4_3441676-3442164,431,-0.886,No DBD-specific enrichment,+
HepG2,25,CTTGTTAATTATTAAACCCT,CTTGTTAATTATTAAACCCT,chr14_39233595-39234258,754,-0.874,No DBD-specific enrichment,+
HepG2,21,CCAAGTCAATGTTTAACTGG,CCAAGTCAATGTTTAACTGG,chr14_57493835-57494222,79,-0.716,No DBD-specific enrichment,-
HepG2,13,AAGGGTAAATCTTTAACGAG,AAGGGTAAATCTTTAACGAG,chr9_114099231-114099655,199,-0.521,No DBD-specific enrichment,-
HepG2,15,GCTGGTGGATTATTAACAGA,GCTGGTGGATTATTAACAGA,chr3_149474323-149474801,220,-0.492,Self-activator (enriched both conditions),+
HepG2,61,CCGATTAACCATTAACCCCC,CCGATTAACCATTAACCCCC,chr20_44400915-44401383,737,-0.329,No DBD-specific enrichment,+
HepG2,14,GATGTTAATCAGTAACCGTC,GATGTTAATCAGTAACCGTC,chr14_94293053-94293560,923,-0.185,No DBD-specific enrichment,-
HepG2,4,AATATTAATTTTTAACTTCT,AATATTAATTTTTAACTTCT,chr4_68951642-68952018,97,-0.099,No DBD-specific enrichment,-
HepG2,58,TGAGTTAATATTTAGCCCAG,TGAGTTAATATTTAGCCCAG,chr14_81533808-81534507,1039,-0.065,Self-activator (enriched both conditions),-
HepG2,18,GCTGTTAATCATTCATTGGG,GCTGTTAATCATTCATTGGG,chr1_207103910-207104460,665,0.062,No DBD-specific enrichment,+
HepG2,53,GCAGTGAATTATTTACCTCT,GCAGTGAATTATTTACCTCT,chr14_64942811-64943199,180,0.098,No DBD-specific enrichment,-
HepG2,51,AATGGTTAATGTTTAAGCGC,AATGGTTAATGTTTAAGCGC,chr17_66229204-66229835,2020,0.107,No DBD-specific enrichment,-
HepG2,54,CCCAGAAATCATTAACCAGC,CCCAGAAATCATTAACCAGC,chr12_89353095-89353677,1170,0.107,No DBD-specific enrichment,-
HepG2,32,CAAGTTACTGATTAACCCTA,CAAGTTACTGATTAACCCTA,chr1_19815190-19815572,184,0.139,No DBD-specific enrichment,-
HepG2,43,GTGGTGGATCATTAACCAGC,GTGGTGGATCATTAACCAGC,chr7_44541148-44541775,1328,0.179,No DBD-specific enrichment,-
HepG2,52,CCCTCTAACCATTAACCACC,CCCTCTAACCATTAACCACC,chr14_94323105-94323649,444,0.323,No DBD-specific enrichment,-
HepG2,12,TTGGGTTAATCATCACTGGG,TTGGGTTAATCATCACTGGG,chr2_27496536-27497013,461,0.506,No DBD-specific enrichment,+
HepG2,20,TTTGTTTAATGATCAACAGT,TTTGTTTAATGATCAACAGT,chr14_57493835-57494222,79,0.663,No DBD-specific enrichment,-
HepG2,24,ATGGTTTAATGATTAACAGC,ATGGTTTAATGATTAACAGC,chr5_157058936-157059474,1136,0.7,Self-activator (enriched both conditions),-
HepG2,34,CAAGGTTAACGATTAAATGG,CAAGGTTAACGATTAAATGG,chr10_99782409-99782904,398,0.79,No DBD-specific enrichment,+
HepG2,60,CATTGTTAATAATTAATACT,CATTGTTAATAATTAATACT,chr10_5195974-5196398,177,0.985,No DBD-specific enrichment,+
HepG2,3,TGAAGTTACTCATTAGCAGG,TGAAGTTACTCATTAGCAGG,chr6_31655560-31656114,1434,1.589,Tier 2 (reproducible DBD-specific),+
HepG2,26,ATTAGACAATCATTAACAAG,ATTAGACAATCATTAACAAG,chr2_197452787-197453394,916,1.684,Tier 2 (reproducible DBD-specific),+
HepG2,35,TCTAGTTAATAATCTACAAT,TCTAGTTAATAATCTACAAT,chr4_73404008-73404427,175,1.731,Tier 2 (reproducible DBD-specific),+
HepG2,38,GAAGTTAAAAATTAAGCGGC,GAAGTTAAAAATTAAGCGGC,chr6_25930510-25930939,137,2.519,Tier 1 (bulletproof DBD-specific),-
HepG2,31,CCTGTTTAATAATTACCAGA,CCTGTTTAATAATTACCAGA,chr4_99219059-99219572,491,2.933,Tier 1 (bulletproof DBD-specific),-
HepG2,19,TTAAATTAAAGATTAACAAA,TTAAATTAAAGATTAACAAA,chr14_57493835-57494222,79,3.339,Tier 1 (bulletproof DBD-specific),-