tissue,reem_id,reem_seq,query,peak_id,peak_score,y_var,tier,strand
Islet,10,CTGGGCAAATCATTAACCTC,GGCAAATCATTAAC,chr1_204213832-204214252,96,-3.291,No DBD-specific enrichment,+
Islet,10,CTGGGCAAATCATTAACCTC,GGCAAATCATTAAC,chr6_26065941-26066356,143,-3.291,No DBD-specific enrichment,+
Islet,40,TGTGGTTAATGATTAATCGC,GGTTAATGATTAAT,chr2_132416327-132416834,373,-4.46,No DBD-specific enrichment,+
Islet,40,TGTGGTTAATGATTAATCGC,GGTTAATGATTAAT,chr1_211515256-211515594,85,-4.46,No DBD-specific enrichment,-
Islet,48,CAGGGTTAATCATTTCCACG,GGTTAATCATTTCC,chr15_63503218-63503559,98,-4.017,No DBD-specific enrichment,+
Islet,48,CAGGGTTAATCATTTCCACG,GGTTAATCATTTCC,chr1_201396684-201397156,118,-4.017,No DBD-specific enrichment,-
Islet,25,CTTGTTAATTATTAAACCCT,GTTAATTATTAAAC,chr10_96676550-96676856,48,-4.407,No DBD-specific enrichment,-
Islet,21,CCAAGTCAATGTTTAACTGG,AGTCAATGTTTAAC,chr14_57493867-57494238,111,-3.028,No DBD-specific enrichment,-
Islet,61,CCGATTAACCATTAACCCCC,ATTAACCATTAACC,chr1_214507070-214507472,53,-3.407,No DBD-specific enrichment,+
Islet,58,TGAGTTAATATTTAGCCCAG,GTTAATATTTAGCC,chr14_81533977-81534406,186,1.223,Self-activator (enriched both conditions),-
Islet,53,GCAGTGAATTATTTACCTCT,GTGAATTATTTACC,chr1_157966025-157966442,153,-3.985,No DBD-specific enrichment,+
Islet,32,CAAGTTACTGATTAACCCTA,GTTACTGATTAACC,chr1_19815151-19815561,79,-4.928,No DBD-specific enrichment,-
Islet,9,CACATTAATTAGTAACTTTT,ATTAATTAGTAACT,chr11_94602580-94603068,280,-3.514,No DBD-specific enrichment,-
Islet,56,AACATTAAACATTAAACAGT,ATTAAACATTAAAC,chr4_128573866-128574266,108,-4.017,No DBD-specific enrichment,-
Islet,44,ACGGCTTAATGATTAACTAT,GCTTAATGATTAAC,chr10_88386279-88386572,90,-3.093,No DBD-specific enrichment,-
Islet,20,TTTGTTTAATGATCAACAGT,GTTTAATGATCAAC,chr14_57493867-57494238,111,-2.028,No DBD-specific enrichment,-
Islet,24,ATGGTTTAATGATTAACAGC,GTTTAATGATTAAC,chr3_33097226-33097663,83,2.07,Self-activator (enriched both conditions),-
Islet,24,ATGGTTTAATGATTAACAGC,GTTTAATGATTAAC,chr5_157059013-157059360,84,2.07,Self-activator (enriched both conditions),-
Islet,24,ATGGTTTAATGATTAACAGC,GTTTAATGATTAAC,chr22_24323827-24324183,54,2.07,Self-activator (enriched both conditions),-
Islet,39,ACTGTTAATAATTAACACTC,GTTAATAATTAACA,chr5_134415870-134416316,100,-1.237,No DBD-specific enrichment,+
Islet,39,ACTGTTAATAATTAACACTC,GTTAATAATTAACA,chr18_50793909-50794241,79,-1.237,No DBD-specific enrichment,-
Islet,46,TCATGTTAAACATTAACAGC,TGTTAAACATTAAC,chr2_127735601-127735913,44,-1.978,No DBD-specific enrichment,+
Islet,46,TCATGTTAAACATTAACAGC,TGTTAAACATTAAC,chr22_18061275-18061727,185,-1.978,No DBD-specific enrichment,+
Islet,46,TCATGTTAAACATTAACAGC,TGTTAAACATTAAC,chr3_154023156-154023452,48,-1.978,No DBD-specific enrichment,-
Islet,26,ATTAGACAATCATTAACAAG,AGACAATCATTAAC,chr2_197452926-197453289,84,-1.767,Tier 2 (reproducible DBD-specific),+
Islet,19,TTAAATTAAAGATTAACAAA,AATTAAAGATTAAC,chr14_57493867-57494238,111,3.205,Tier 1 (bulletproof DBD-specific),-
Islet,0,AGTTAATTATTAACCAA,TAATTATTAAC,chr1_225412672-225413008,51,0.984,Tier 1 (bulletproof DBD-specific),+
Islet,0,AGTTAATTATTAACCAA,TAATTATTAAC,chr2_170573647-170574047,71,0.984,Tier 1 (bulletproof DBD-specific),+
Islet,0,AGTTAATTATTAACCAA,TAATTATTAAC,chr7_36290172-36290583,253,0.984,Tier 1 (bulletproof DBD-specific),+
Islet,0,AGTTAATTATTAACCAA,TAATTATTAAC,chr10_35685465-35685966,206,0.984,Tier 1 (bulletproof DBD-specific),+
Islet,0,AGTTAATTATTAACCAA,TAATTATTAAC,chr13_43388783-43389114,77,0.984,Tier 1 (bulletproof DBD-specific),+
Islet,0,AGTTAATTATTAACCAA,TAATTATTAAC,chr18_50793909-50794241,79,0.984,Tier 1 (bulletproof DBD-specific),+
Islet,0,AGTTAATTATTAACCAA,TAATTATTAAC,chr1_3219340-3219738,89,0.984,Tier 1 (bulletproof DBD-specific),-
Islet,0,AGTTAATTATTAACCAA,TAATTATTAAC,chr1_200896013-200896306,90,0.984,Tier 1 (bulletproof DBD-specific),-
Islet,0,AGTTAATTATTAACCAA,TAATTATTAAC,chr2_86627980-86628356,56,0.984,Tier 1 (bulletproof DBD-specific),-
Islet,0,AGTTAATTATTAACCAA,TAATTATTAAC,chr3_30597197-30597676,280,0.984,Tier 1 (bulletproof DBD-specific),-
Islet,0,AGTTAATTATTAACCAA,TAATTATTAAC,chr5_134415870-134416316,100,0.984,Tier 1 (bulletproof DBD-specific),-
Islet,0,AGTTAATTATTAACCAA,TAATTATTAAC,chr6_43833774-43834137,77,0.984,Tier 1 (bulletproof DBD-specific),-
Islet,0,AGTTAATTATTAACCAA,TAATTATTAAC,chr7_90767083-90767424,90,0.984,Tier 1 (bulletproof DBD-specific),-
Islet,0,AGTTAATTATTAACCAA,TAATTATTAAC,chr9_134435010-134435349,78,0.984,Tier 1 (bulletproof DBD-specific),-
Islet,0,AGTTAATTATTAACCAA,TAATTATTAAC,chr10_125156651-125156988,68,0.984,Tier 1 (bulletproof DBD-specific),-
Islet,0,AGTTAATTATTAACCAA,TAATTATTAAC,chr11_22674512-22674920,125,0.984,Tier 1 (bulletproof DBD-specific),-
Islet,0,AGTTAATTATTAACCAA,TAATTATTAAC,chr14_70753531-70754024,176,0.984,Tier 1 (bulletproof DBD-specific),-
Islet,0,AGTTAATTATTAACCAA,TAATTATTAAC,chr16_63188163-63188491,37,0.984,Tier 1 (bulletproof DBD-specific),-
HepG2,63,GTCTATTAATAATTGACAAA,TATTAATAATTGAC,chr9_111605287-111605576,53,1.644,Self-activator (enriched both conditions),+
HepG2,10,CTGGGCAAATCATTAACCTC,GGCAAATCATTAAC,chr1_204213755-204214293,848,-3.291,No DBD-specific enrichment,+
HepG2,10,CTGGGCAAATCATTAACCTC,GGCAAATCATTAAC,chr2_17546181-17546743,508,-3.291,No DBD-specific enrichment,+
HepG2,10,CTGGGCAAATCATTAACCTC,GGCAAATCATTAAC,chr6_26065872-26066462,894,-3.291,No DBD-specific enrichment,+
HepG2,10,CTGGGCAAATCATTAACCTC,GGCAAATCATTAAC,chr7_30594167-30594607,166,-3.291,No DBD-specific enrichment,+
HepG2,10,CTGGGCAAATCATTAACCTC,GGCAAATCATTAAC,chr14_50389736-50390146,177,-3.291,No DBD-specific enrichment,+
HepG2,10,CTGGGCAAATCATTAACCTC,GGCAAATCATTAAC,chr17_73204039-73204455,309,-3.291,No DBD-specific enrichment,+
HepG2,10,CTGGGCAAATCATTAACCTC,GGCAAATCATTAAC,chr3_43294989-43295475,166,-3.291,No DBD-specific enrichment,-
HepG2,10,CTGGGCAAATCATTAACCTC,GGCAAATCATTAAC,chr5_56311565-56311854,43,-3.291,No DBD-specific enrichment,-
HepG2,10,CTGGGCAAATCATTAACCTC,GGCAAATCATTAAC,chr6_11217394-11217869,476,-3.291,No DBD-specific enrichment,-
HepG2,17,GCTGCCAATCATTAACCTCC,GCCAATCATTAACC,chr7_45888154-45888686,1081,-5.564,No DBD-specific enrichment,+
HepG2,17,GCTGCCAATCATTAACCTCC,GCCAATCATTAACC,chr1_93591379-93591848,311,-5.564,No DBD-specific enrichment,-
HepG2,17,GCTGCCAATCATTAACCTCC,GCCAATCATTAACC,chr2_201936742-201937168,222,-5.564,No DBD-specific enrichment,-
HepG2,17,GCTGCCAATCATTAACCTCC,GCCAATCATTAACC,chr17_75078419-75078820,176,-5.564,No DBD-specific enrichment,-
HepG2,62,AAAAGCTAATAATTGACAGC,AGCTAATAATTGAC,chr4_73431993-73433041,1167,3.163,Self-activator (enriched both conditions),+
HepG2,62,AAAAGCTAATAATTGACAGC,AGCTAATAATTGAC,chr8_54134648-54135287,502,3.163,Self-activator (enriched both conditions),+
HepG2,40,TGTGGTTAATGATTAATCGC,GGTTAATGATTAAT,chr2_132416322-132416847,1416,-4.46,No DBD-specific enrichment,+
HepG2,40,TGTGGTTAATGATTAATCGC,GGTTAATGATTAAT,chr2_219249116-219249642,988,-4.46,No DBD-specific enrichment,+
HepG2,40,TGTGGTTAATGATTAATCGC,GGTTAATGATTAAT,chr7_75691918-75692260,95,-4.46,No DBD-specific enrichment,+
HepG2,40,TGTGGTTAATGATTAATCGC,GGTTAATGATTAAT,chr8_85547052-85547367,81,-4.46,No DBD-specific enrichment,+
HepG2,40,TGTGGTTAATGATTAATCGC,GGTTAATGATTAAT,chr17_69501841-69502471,675,-4.46,No DBD-specific enrichment,+
HepG2,40,TGTGGTTAATGATTAATCGC,GGTTAATGATTAAT,chr20_48285684-48286179,150,-4.46,No DBD-specific enrichment,+
HepG2,40,TGTGGTTAATGATTAATCGC,GGTTAATGATTAAT,chr1_211515164-211515673,961,-4.46,No DBD-specific enrichment,-
HepG2,40,TGTGGTTAATGATTAATCGC,GGTTAATGATTAAT,chr19_17008445-17008947,438,-4.46,No DBD-specific enrichment,-
HepG2,48,CAGGGTTAATCATTTCCACG,GGTTAATCATTTCC,chr4_3441676-3442164,431,-4.017,No DBD-specific enrichment,+
HepG2,48,CAGGGTTAATCATTTCCACG,GGTTAATCATTTCC,chr15_63503140-63503621,225,-4.017,No DBD-specific enrichment,+
HepG2,48,CAGGGTTAATCATTTCCACG,GGTTAATCATTTCC,chr1_201396673-201397183,531,-4.017,No DBD-specific enrichment,-
HepG2,25,CTTGTTAATTATTAAACCCT,GTTAATTATTAAAC,chr3_197520611-197521161,662,-4.407,No DBD-specific enrichment,+
HepG2,25,CTTGTTAATTATTAAACCCT,GTTAATTATTAAAC,chr14_39233595-39234258,754,-4.407,No DBD-specific enrichment,+
HepG2,25,CTTGTTAATTATTAAACCCT,GTTAATTATTAAAC,chr3_53040363-53040807,447,-4.407,No DBD-specific enrichment,-
HepG2,25,CTTGTTAATTATTAAACCCT,GTTAATTATTAAAC,chr10_96676505-96676970,253,-4.407,No DBD-specific enrichment,-
HepG2,21,CCAAGTCAATGTTTAACTGG,AGTCAATGTTTAAC,chr1_206951341-206951879,603,-3.028,No DBD-specific enrichment,+
HepG2,21,CCAAGTCAATGTTTAACTGG,AGTCAATGTTTAAC,chr8_144672611-144673116,435,-3.028,No DBD-specific enrichment,+
HepG2,21,CCAAGTCAATGTTTAACTGG,AGTCAATGTTTAAC,chr2_43005481-43006030,1241,-3.028,No DBD-specific enrichment,-
HepG2,21,CCAAGTCAATGTTTAACTGG,AGTCAATGTTTAAC,chr2_113900610-113901130,472,-3.028,No DBD-specific enrichment,-
HepG2,21,CCAAGTCAATGTTTAACTGG,AGTCAATGTTTAAC,chr3_98777207-98777665,257,-3.028,No DBD-specific enrichment,-
HepG2,21,CCAAGTCAATGTTTAACTGG,AGTCAATGTTTAAC,chr12_121217737-121218152,135,-3.028,No DBD-specific enrichment,-
HepG2,21,CCAAGTCAATGTTTAACTGG,AGTCAATGTTTAAC,chr14_57493835-57494222,79,-3.028,No DBD-specific enrichment,-
HepG2,13,AAGGGTAAATCTTTAACGAG,GGTAAATCTTTAAC,chr1_94608212-94608604,214,-2.763,No DBD-specific enrichment,-
HepG2,13,AAGGGTAAATCTTTAACGAG,GGTAAATCTTTAAC,chr9_114099231-114099655,199,-2.763,No DBD-specific enrichment,-
HepG2,13,AAGGGTAAATCTTTAACGAG,GGTAAATCTTTAAC,chr10_50832167-50832579,231,-2.763,No DBD-specific enrichment,-
HepG2,15,GCTGGTGGATTATTAACAGA,GGTGGATTATTAAC,chr3_149474323-149474801,220,3.356,Self-activator (enriched both conditions),+
HepG2,15,GCTGGTGGATTATTAACAGA,GGTGGATTATTAAC,chr5_5178179-5178578,298,3.356,Self-activator (enriched both conditions),-
HepG2,36,CATGTTAAATATTAATTTGT,GTTAAATATTAATT,chr11_134466991-134467455,114,-1.83,No DBD-specific enrichment,+
HepG2,36,CATGTTAAATATTAATTTGT,GTTAAATATTAATT,chr11_124724958-124725401,196,-1.83,No DBD-specific enrichment,-
HepG2,36,CATGTTAAATATTAATTTGT,GTTAAATATTAATT,chrX_115559692-115560093,125,-1.83,No DBD-specific enrichment,-
HepG2,61,CCGATTAACCATTAACCCCC,ATTAACCATTAACC,chr1_214506972-214507487,825,-3.407,No DBD-specific enrichment,+
HepG2,61,CCGATTAACCATTAACCCCC,ATTAACCATTAACC,chr10_42641633-42642103,209,-3.407,No DBD-specific enrichment,+
HepG2,61,CCGATTAACCATTAACCCCC,ATTAACCATTAACC,chr11_73139420-73139953,65,-3.407,No DBD-specific enrichment,+
HepG2,61,CCGATTAACCATTAACCCCC,ATTAACCATTAACC,chr20_44400915-44401383,737,-3.407,No DBD-specific enrichment,+
HepG2,61,CCGATTAACCATTAACCCCC,ATTAACCATTAACC,chr6_51394139-51394462,142,-3.407,No DBD-specific enrichment,-
HepG2,61,CCGATTAACCATTAACCCCC,ATTAACCATTAACC,chr12_40287561-40287964,79,-3.407,No DBD-specific enrichment,-
HepG2,14,GATGTTAATCAGTAACCGTC,GTTAATCAGTAACC,chr3_168091218-168091687,370,-2.876,No DBD-specific enrichment,+
HepG2,14,GATGTTAATCAGTAACCGTC,GTTAATCAGTAACC,chr14_94293053-94293560,923,-2.876,No DBD-specific enrichment,-
HepG2,4,AATATTAATTTTTAACTTCT,ATTAATTTTTAACT,chr7_23391365-23391760,80,-3.897,No DBD-specific enrichment,+
HepG2,4,AATATTAATTTTTAACTTCT,ATTAATTTTTAACT,chr10_72523879-72524284,177,-3.897,No DBD-specific enrichment,+
HepG2,4,AATATTAATTTTTAACTTCT,ATTAATTTTTAACT,chr4_68951642-68952018,97,-3.897,No DBD-specific enrichment,-
HepG2,4,AATATTAATTTTTAACTTCT,ATTAATTTTTAACT,chrX_120512608-120513086,177,-3.897,No DBD-specific enrichment,-
HepG2,58,TGAGTTAATATTTAGCCCAG,GTTAATATTTAGCC,chr2_176174109-176174626,255,1.223,Self-activator (enriched both conditions),-
HepG2,58,TGAGTTAATATTTAGCCCAG,GTTAATATTTAGCC,chr12_24752808-24753275,82,1.223,Self-activator (enriched both conditions),-
HepG2,58,TGAGTTAATATTTAGCCCAG,GTTAATATTTAGCC,chr14_81533808-81534507,1039,1.223,Self-activator (enriched both conditions),-
HepG2,18,GCTGTTAATCATTCATTGGG,GTTAATCATTCATT,chr1_85460423-85460961,670,-2.514,No DBD-specific enrichment,+
HepG2,18,GCTGTTAATCATTCATTGGG,GTTAATCATTCATT,chr1_207103910-207104460,665,-2.514,No DBD-specific enrichment,+
HepG2,18,GCTGTTAATCATTCATTGGG,GTTAATCATTCATT,chr2_113218434-113218978,851,-2.514,No DBD-specific enrichment,+
HepG2,18,GCTGTTAATCATTCATTGGG,GTTAATCATTCATT,chr12_63889729-63890152,246,-2.514,No DBD-specific enrichment,+
HepG2,18,GCTGTTAATCATTCATTGGG,GTTAATCATTCATT,chr4_119478703-119479078,125,-2.514,No DBD-specific enrichment,-
HepG2,53,GCAGTGAATTATTTACCTCT,GTGAATTATTTACC,chr14_64942811-64943199,180,-3.985,No DBD-specific enrichment,-
HepG2,51,AATGGTTAATGTTTAAGCGC,GGTTAATGTTTAAG,chr20_20548366-20548933,517,-2.637,No DBD-specific enrichment,+
HepG2,51,AATGGTTAATGTTTAAGCGC,GGTTAATGTTTAAG,chr20_46599611-46600014,176,-2.637,No DBD-specific enrichment,+
HepG2,51,AATGGTTAATGTTTAAGCGC,GGTTAATGTTTAAG,chr6_162373222-162373649,253,-2.637,No DBD-specific enrichment,-
HepG2,51,AATGGTTAATGTTTAAGCGC,GGTTAATGTTTAAG,chr17_66229204-66229835,2020,-2.637,No DBD-specific enrichment,-
HepG2,54,CCCAGAAATCATTAACCAGC,AGAAATCATTAACC,chr11_952203-952943,2008,-4.573,No DBD-specific enrichment,+
HepG2,54,CCCAGAAATCATTAACCAGC,AGAAATCATTAACC,chr2_10121254-10121562,61,-4.573,No DBD-specific enrichment,-
HepG2,54,CCCAGAAATCATTAACCAGC,AGAAATCATTAACC,chr12_89353095-89353677,1170,-4.573,No DBD-specific enrichment,-
HepG2,54,CCCAGAAATCATTAACCAGC,AGAAATCATTAACC,chr12_89357273-89357639,75,-4.573,No DBD-specific enrichment,-
HepG2,32,CAAGTTACTGATTAACCCTA,GTTACTGATTAACC,chr2_148746893-148747383,257,-4.928,No DBD-specific enrichment,+
HepG2,32,CAAGTTACTGATTAACCCTA,GTTACTGATTAACC,chr1_19815190-19815572,184,-4.928,No DBD-specific enrichment,-
HepG2,32,CAAGTTACTGATTAACCCTA,GTTACTGATTAACC,chr3_58071493-58071999,785,-4.928,No DBD-specific enrichment,-
HepG2,43,GTGGTGGATCATTAACCAGC,GTGGATCATTAACC,chr7_44541148-44541775,1328,-2.568,No DBD-specific enrichment,-
HepG2,56,AACATTAAACATTAAACAGT,ATTAAACATTAAAC,chr1_156118514-156118951,150,-4.017,No DBD-specific enrichment,-
HepG2,52,CCCTCTAACCATTAACCACC,TCTAACCATTAACC,chr14_94323105-94323649,444,-3.127,No DBD-specific enrichment,-
HepG2,44,ACGGCTTAATGATTAACTAT,GCTTAATGATTAAC,chr10_73901402-73901706,88,-3.093,No DBD-specific enrichment,+
HepG2,44,ACGGCTTAATGATTAACTAT,GCTTAATGATTAAC,chr12_55823412-55823826,109,-3.093,No DBD-specific enrichment,+
HepG2,44,ACGGCTTAATGATTAACTAT,GCTTAATGATTAAC,chr16_57703777-57704351,1074,-3.093,No DBD-specific enrichment,+
HepG2,44,ACGGCTTAATGATTAACTAT,GCTTAATGATTAAC,chr10_88386166-88386674,452,-3.093,No DBD-specific enrichment,-
HepG2,12,TTGGGTTAATCATCACTGGG,GGTTAATCATCACT,chr2_27496536-27497013,461,-1.291,No DBD-specific enrichment,+
HepG2,42,GCTAGTTAATGATTAGTGAA,AGTTAATGATTAGT,chr5_179504587-179504996,237,-1.833,No DBD-specific enrichment,+
HepG2,20,TTTGTTTAATGATCAACAGT,GTTTAATGATCAAC,chr7_138926111-138926404,43,-2.028,No DBD-specific enrichment,-
HepG2,20,TTTGTTTAATGATCAACAGT,GTTTAATGATCAAC,chr14_57493835-57494222,79,-2.028,No DBD-specific enrichment,-
HepG2,24,ATGGTTTAATGATTAACAGC,GTTTAATGATTAAC,chr6_52087424-52087802,47,2.07,Self-activator (enriched both conditions),+
HepG2,24,ATGGTTTAATGATTAACAGC,GTTTAATGATTAAC,chr8_133771622-133771962,118,2.07,Self-activator (enriched both conditions),+
HepG2,24,ATGGTTTAATGATTAACAGC,GTTTAATGATTAAC,chr3_33097059-33097726,343,2.07,Self-activator (enriched both conditions),-
HepG2,24,ATGGTTTAATGATTAACAGC,GTTTAATGATTAAC,chr5_157058936-157059474,1136,2.07,Self-activator (enriched both conditions),-
HepG2,24,ATGGTTTAATGATTAACAGC,GTTTAATGATTAAC,chr22_24323671-24324186,96,2.07,Self-activator (enriched both conditions),-
HepG2,29,CACAGTCAAACATTAACTTG,AGTCAAACATTAAC,chr2_162574605-162575181,914,-3.461,No DBD-specific enrichment,+
HepG2,29,CACAGTCAAACATTAACTTG,AGTCAAACATTAAC,chr2_227762056-227762675,835,-3.461,No DBD-specific enrichment,+
HepG2,29,CACAGTCAAACATTAACTTG,AGTCAAACATTAAC,chr10_112391378-112391904,359,-3.461,No DBD-specific enrichment,+
HepG2,29,CACAGTCAAACATTAACTTG,AGTCAAACATTAAC,chr2_98280247-98280536,40,-3.461,No DBD-specific enrichment,-
HepG2,29,CACAGTCAAACATTAACTTG,AGTCAAACATTAAC,chr5_88245738-88246242,86,-3.461,No DBD-specific enrichment,-
HepG2,29,CACAGTCAAACATTAACTTG,AGTCAAACATTAAC,chr10_71968070-71968366,84,-3.461,No DBD-specific enrichment,-
HepG2,29,CACAGTCAAACATTAACTTG,AGTCAAACATTAAC,chr16_15455692-15456178,316,-3.461,No DBD-specific enrichment,-
HepG2,34,CAAGGTTAACGATTAAATGG,GGTTAACGATTAAA,chr10_99782409-99782904,398,-3.099,No DBD-specific enrichment,+
HepG2,60,CATTGTTAATAATTAATACT,TGTTAATAATTAAT,chr3_170079688-170080262,332,-2.759,No DBD-specific enrichment,+
HepG2,60,CATTGTTAATAATTAATACT,TGTTAATAATTAAT,chr8_22365304-22365836,841,-2.759,No DBD-specific enrichment,+
HepG2,60,CATTGTTAATAATTAATACT,TGTTAATAATTAAT,chr10_5195974-5196398,177,-2.759,No DBD-specific enrichment,+
HepG2,60,CATTGTTAATAATTAATACT,TGTTAATAATTAAT,chr12_121376955-121377411,400,-2.759,No DBD-specific enrichment,+
HepG2,60,CATTGTTAATAATTAATACT,TGTTAATAATTAAT,chr12_125101052-125101453,175,-2.759,No DBD-specific enrichment,+
HepG2,60,CATTGTTAATAATTAATACT,TGTTAATAATTAAT,chr15_60590736-60591298,750,-2.759,No DBD-specific enrichment,+
HepG2,60,CATTGTTAATAATTAATACT,TGTTAATAATTAAT,chr20_11982677-11983059,40,-2.759,No DBD-specific enrichment,+
HepG2,60,CATTGTTAATAATTAATACT,TGTTAATAATTAAT,chr19_35812662-35813218,968,-2.759,No DBD-specific enrichment,-
HepG2,39,ACTGTTAATAATTAACACTC,GTTAATAATTAACA,chr5_134415847-134416354,519,-1.237,No DBD-specific enrichment,+
HepG2,39,ACTGTTAATAATTAACACTC,GTTAATAATTAACA,chr8_85267493-85268261,283,-1.237,No DBD-specific enrichment,+
HepG2,39,ACTGTTAATAATTAACACTC,GTTAATAATTAACA,chr9_105506989-105507469,246,-1.237,No DBD-specific enrichment,+
HepG2,39,ACTGTTAATAATTAACACTC,GTTAATAATTAACA,chr11_107203092-107203422,18,-1.237,No DBD-specific enrichment,+
HepG2,39,ACTGTTAATAATTAACACTC,GTTAATAATTAACA,chr14_36791420-36791951,68,-1.237,No DBD-specific enrichment,+
HepG2,39,ACTGTTAATAATTAACACTC,GTTAATAATTAACA,chr2_106113426-106113866,72,-1.237,No DBD-specific enrichment,-
HepG2,39,ACTGTTAATAATTAACACTC,GTTAATAATTAACA,chr15_55955240-55955712,102,-1.237,No DBD-specific enrichment,-
HepG2,39,ACTGTTAATAATTAACACTC,GTTAATAATTAACA,chr16_78206521-78207002,379,-1.237,No DBD-specific enrichment,-
HepG2,46,TCATGTTAAACATTAACAGC,TGTTAAACATTAAC,chr1_116412116-116412594,725,-1.978,No DBD-specific enrichment,+
HepG2,46,TCATGTTAAACATTAACAGC,TGTTAAACATTAAC,chr2_127735332-127736034,700,-1.978,No DBD-specific enrichment,+
HepG2,46,TCATGTTAAACATTAACAGC,TGTTAAACATTAAC,chr17_10041150-10041580,153,-1.978,No DBD-specific enrichment,+
HepG2,46,TCATGTTAAACATTAACAGC,TGTTAAACATTAAC,chr22_18061188-18061727,315,-1.978,No DBD-specific enrichment,+
HepG2,46,TCATGTTAAACATTAACAGC,TGTTAAACATTAAC,chr22_39295817-39296223,111,-1.978,No DBD-specific enrichment,+
HepG2,46,TCATGTTAAACATTAACAGC,TGTTAAACATTAAC,chr2_62406471-62406767,119,-1.978,No DBD-specific enrichment,-
HepG2,46,TCATGTTAAACATTAACAGC,TGTTAAACATTAAC,chr2_72673273-72673742,145,-1.978,No DBD-specific enrichment,-
HepG2,46,TCATGTTAAACATTAACAGC,TGTTAAACATTAAC,chr3_154023057-154023595,908,-1.978,No DBD-specific enrichment,-
HepG2,46,TCATGTTAAACATTAACAGC,TGTTAAACATTAAC,chr3_187038467-187038883,317,-1.978,No DBD-specific enrichment,-
HepG2,46,TCATGTTAAACATTAACAGC,TGTTAAACATTAAC,chr4_68656215-68656523,88,-1.978,No DBD-specific enrichment,-
HepG2,46,TCATGTTAAACATTAACAGC,TGTTAAACATTAAC,chr10_23186698-23187122,188,-1.978,No DBD-specific enrichment,-
HepG2,46,TCATGTTAAACATTAACAGC,TGTTAAACATTAAC,chr16_49503900-49504263,135,-1.978,No DBD-specific enrichment,-
HepG2,46,TCATGTTAAACATTAACAGC,TGTTAAACATTAAC,chr20_58995738-58996241,633,-1.978,No DBD-specific enrichment,-
HepG2,46,TCATGTTAAACATTAACAGC,TGTTAAACATTAAC,chrX_50066307-50066787,186,-1.978,No DBD-specific enrichment,-
HepG2,3,TGAAGTTACTCATTAGCAGG,AGTTACTCATTAGC,chr6_31655560-31656114,1434,-2.683,Tier 2 (reproducible DBD-specific),+
HepG2,3,TGAAGTTACTCATTAGCAGG,AGTTACTCATTAGC,chr1_151513553-151514051,291,-2.683,Tier 2 (reproducible DBD-specific),-
HepG2,3,TGAAGTTACTCATTAGCAGG,AGTTACTCATTAGC,chr1_234907833-234908165,87,-2.683,Tier 2 (reproducible DBD-specific),-
HepG2,26,ATTAGACAATCATTAACAAG,AGACAATCATTAAC,chr1_151713047-151713389,125,-1.767,Tier 2 (reproducible DBD-specific),+
HepG2,26,ATTAGACAATCATTAACAAG,AGACAATCATTAAC,chr2_197452787-197453394,916,-1.767,Tier 2 (reproducible DBD-specific),+
HepG2,26,ATTAGACAATCATTAACAAG,AGACAATCATTAAC,chr10_34345292-34345775,266,-1.767,Tier 2 (reproducible DBD-specific),+
HepG2,26,ATTAGACAATCATTAACAAG,AGACAATCATTAAC,chr18_70698647-70698981,97,-1.767,Tier 2 (reproducible DBD-specific),-
HepG2,57,CCTAGTTAATAATTTGCATC,AGTTAATAATTTGC,chr6_26121018-26121798,448,-1.318,Tier 2 (reproducible DBD-specific),+
HepG2,57,CCTAGTTAATAATTTGCATC,AGTTAATAATTTGC,chr3_100613783-100614460,243,-1.318,Tier 2 (reproducible DBD-specific),-
HepG2,35,TCTAGTTAATAATCTACAAT,AGTTAATAATCTAC,chr4_73404008-73404427,175,-1.065,Tier 2 (reproducible DBD-specific),+
HepG2,35,TCTAGTTAATAATCTACAAT,AGTTAATAATCTAC,chr10_28881488-28881830,49,-1.065,Tier 2 (reproducible DBD-specific),+
HepG2,38,GAAGTTAAAAATTAAGCGGC,GTTAAAAATTAAGC,chr6_25930510-25930939,137,-0.782,Tier 1 (bulletproof DBD-specific),-
HepG2,31,CCTGTTTAATAATTACCAGA,GTTTAATAATTACC,chr2_72723624-72724198,751,-1.249,Tier 1 (bulletproof DBD-specific),+
HepG2,31,CCTGTTTAATAATTACCAGA,GTTTAATAATTACC,chr4_94448761-94449200,190,-1.249,Tier 1 (bulletproof DBD-specific),+
HepG2,31,CCTGTTTAATAATTACCAGA,GTTTAATAATTACC,chr11_94200975-94201454,353,-1.249,Tier 1 (bulletproof DBD-specific),+
HepG2,31,CCTGTTTAATAATTACCAGA,GTTTAATAATTACC,chr4_99219059-99219572,491,-1.249,Tier 1 (bulletproof DBD-specific),-
HepG2,31,CCTGTTTAATAATTACCAGA,GTTTAATAATTACC,chr16_69839180-69839518,73,-1.249,Tier 1 (bulletproof DBD-specific),-
HepG2,31,CCTGTTTAATAATTACCAGA,GTTTAATAATTACC,chr19_32869638-32870090,136,-1.249,Tier 1 (bulletproof DBD-specific),-
HepG2,19,TTAAATTAAAGATTAACAAA,AATTAAAGATTAAC,chr14_57493835-57494222,79,3.205,Tier 1 (bulletproof DBD-specific),-
HepG2,0,AGTTAATTATTAACCAA,TAATTATTAAC,chr1_225412736-225413207,252,0.984,Tier 1 (bulletproof DBD-specific),+
HepG2,0,AGTTAATTATTAACCAA,TAATTATTAAC,chr2_8633625-8634164,1169,0.984,Tier 1 (bulletproof DBD-specific),+
HepG2,0,AGTTAATTATTAACCAA,TAATTATTAAC,chr2_19933660-19934038,105,0.984,Tier 1 (bulletproof DBD-specific),+
HepG2,0,AGTTAATTATTAACCAA,TAATTATTAAC,chr2_99280199-99280688,241,0.984,Tier 1 (bulletproof DBD-specific),+
HepG2,0,AGTTAATTATTAACCAA,TAATTATTAAC,chr2_106113426-106113866,72,0.984,Tier 1 (bulletproof DBD-specific),+
HepG2,0,AGTTAATTATTAACCAA,TAATTATTAAC,chr2_170573665-170574142,257,0.984,Tier 1 (bulletproof DBD-specific),+
HepG2,0,AGTTAATTATTAACCAA,TAATTATTAAC,chr2_226428675-226429100,186,0.984,Tier 1 (bulletproof DBD-specific),+
HepG2,0,AGTTAATTATTAACCAA,TAATTATTAAC,chr3_47103580-47104065,261,0.984,Tier 1 (bulletproof DBD-specific),+
HepG2,0,AGTTAATTATTAACCAA,TAATTATTAAC,chr3_101868520-101868831,66,0.984,Tier 1 (bulletproof DBD-specific),+
HepG2,0,AGTTAATTATTAACCAA,TAATTATTAAC,chr3_109161443-109161877,130,0.984,Tier 1 (bulletproof DBD-specific),+
HepG2,0,AGTTAATTATTAACCAA,TAATTATTAAC,chr3_142086577-142086899,95,0.984,Tier 1 (bulletproof DBD-specific),+
HepG2,0,AGTTAATTATTAACCAA,TAATTATTAAC,chr4_106344327-106344683,70,0.984,Tier 1 (bulletproof DBD-specific),+
HepG2,0,AGTTAATTATTAACCAA,TAATTATTAAC,chr4_168177667-168178229,239,0.984,Tier 1 (bulletproof DBD-specific),+
HepG2,0,AGTTAATTATTAACCAA,TAATTATTAAC,chr5_24510545-24510936,258,0.984,Tier 1 (bulletproof DBD-specific),+
HepG2,0,AGTTAATTATTAACCAA,TAATTATTAAC,chr5_78420668-78421048,80,0.984,Tier 1 (bulletproof DBD-specific),+
HepG2,0,AGTTAATTATTAACCAA,TAATTATTAAC,chr5_109803796-109804327,156,0.984,Tier 1 (bulletproof DBD-specific),+
HepG2,0,AGTTAATTATTAACCAA,TAATTATTAAC,chr5_141608463-141608968,1085,0.984,Tier 1 (bulletproof DBD-specific),+
HepG2,0,AGTTAATTATTAACCAA,TAATTATTAAC,chr5_173290722-173291112,154,0.984,Tier 1 (bulletproof DBD-specific),+
HepG2,0,AGTTAATTATTAACCAA,TAATTATTAAC,chr6_24193456-24193760,58,0.984,Tier 1 (bulletproof DBD-specific),+
HepG2,0,AGTTAATTATTAACCAA,TAATTATTAAC,chr6_25928588-25929248,128,0.984,Tier 1 (bulletproof DBD-specific),+
HepG2,0,AGTTAATTATTAACCAA,TAATTATTAAC,chr6_79983569-79984280,50,0.984,Tier 1 (bulletproof DBD-specific),+
HepG2,0,AGTTAATTATTAACCAA,TAATTATTAAC,chr6_87534313-87534763,166,0.984,Tier 1 (bulletproof DBD-specific),+
HepG2,0,AGTTAATTATTAACCAA,TAATTATTAAC,chr6_89140202-89140703,541,0.984,Tier 1 (bulletproof DBD-specific),+
HepG2,0,AGTTAATTATTAACCAA,TAATTATTAAC,chr6_163408553-163409090,1105,0.984,Tier 1 (bulletproof DBD-specific),+
HepG2,0,AGTTAATTATTAACCAA,TAATTATTAAC,chr7_36290128-36290650,724,0.984,Tier 1 (bulletproof DBD-specific),+
HepG2,0,AGTTAATTATTAACCAA,TAATTATTAAC,chr7_37093264-37093711,136,0.984,Tier 1 (bulletproof DBD-specific),+
HepG2,0,AGTTAATTATTAACCAA,TAATTATTAAC,chr7_133724050-133724475,164,0.984,Tier 1 (bulletproof DBD-specific),+
HepG2,0,AGTTAATTATTAACCAA,TAATTATTAAC,chr8_39566909-39567350,119,0.984,Tier 1 (bulletproof DBD-specific),+
HepG2,0,AGTTAATTATTAACCAA,TAATTATTAAC,chr8_57564189-57564600,102,0.984,Tier 1 (bulletproof DBD-specific),+
HepG2,0,AGTTAATTATTAACCAA,TAATTATTAAC,chr8_70612084-70612397,65,0.984,Tier 1 (bulletproof DBD-specific),+
HepG2,0,AGTTAATTATTAACCAA,TAATTATTAAC,chr9_87570009-87570564,1025,0.984,Tier 1 (bulletproof DBD-specific),+
HepG2,0,AGTTAATTATTAACCAA,TAATTATTAAC,chr9_105318782-105319231,163,0.984,Tier 1 (bulletproof DBD-specific),+
HepG2,0,AGTTAATTATTAACCAA,TAATTATTAAC,chr10_35685492-35685978,217,0.984,Tier 1 (bulletproof DBD-specific),+
HepG2,0,AGTTAATTATTAACCAA,TAATTATTAAC,chr10_76150672-76151030,21,0.984,Tier 1 (bulletproof DBD-specific),+
HepG2,0,AGTTAATTATTAACCAA,TAATTATTAAC,chr10_131477832-131478134,79,0.984,Tier 1 (bulletproof DBD-specific),+
HepG2,0,AGTTAATTATTAACCAA,TAATTATTAAC,chr11_111778206-111778676,398,0.984,Tier 1 (bulletproof DBD-specific),+
HepG2,0,AGTTAATTATTAACCAA,TAATTATTAAC,chr11_117519296-117519681,136,0.984,Tier 1 (bulletproof DBD-specific),+
HepG2,0,AGTTAATTATTAACCAA,TAATTATTAAC,chr11_119713101-119713651,646,0.984,Tier 1 (bulletproof DBD-specific),+
HepG2,0,AGTTAATTATTAACCAA,TAATTATTAAC,chr12_109737627-109738077,286,0.984,Tier 1 (bulletproof DBD-specific),+
HepG2,0,AGTTAATTATTAACCAA,TAATTATTAAC,chr13_91361542-91362612,135,0.984,Tier 1 (bulletproof DBD-specific),+
HepG2,0,AGTTAATTATTAACCAA,TAATTATTAAC,chr13_110576751-110577243,431,0.984,Tier 1 (bulletproof DBD-specific),+
HepG2,0,AGTTAATTATTAACCAA,TAATTATTAAC,chr14_61672865-61673205,65,0.984,Tier 1 (bulletproof DBD-specific),+
HepG2,0,AGTTAATTATTAACCAA,TAATTATTAAC,chr14_88552922-88553395,254,0.984,Tier 1 (bulletproof DBD-specific),+
HepG2,0,AGTTAATTATTAACCAA,TAATTATTAAC,chr15_55955240-55955712,102,0.984,Tier 1 (bulletproof DBD-specific),+
HepG2,0,AGTTAATTATTAACCAA,TAATTATTAAC,chr15_98396285-98396604,88,0.984,Tier 1 (bulletproof DBD-specific),+
HepG2,0,AGTTAATTATTAACCAA,TAATTATTAAC,chr16_11067748-11068132,297,0.984,Tier 1 (bulletproof DBD-specific),+
HepG2,0,AGTTAATTATTAACCAA,TAATTATTAAC,chr16_78206521-78207002,379,0.984,Tier 1 (bulletproof DBD-specific),+
HepG2,0,AGTTAATTATTAACCAA,TAATTATTAAC,chr18_76771030-76771556,451,0.984,Tier 1 (bulletproof DBD-specific),+
HepG2,0,AGTTAATTATTAACCAA,TAATTATTAAC,chr19_35812662-35813218,968,0.984,Tier 1 (bulletproof DBD-specific),+
HepG2,0,AGTTAATTATTAACCAA,TAATTATTAAC,chr20_3374264-3374684,123,0.984,Tier 1 (bulletproof DBD-specific),+
HepG2,0,AGTTAATTATTAACCAA,TAATTATTAAC,chr20_36469569-36470083,541,0.984,Tier 1 (bulletproof DBD-specific),+
HepG2,0,AGTTAATTATTAACCAA,TAATTATTAAC,chr21_15000335-15000715,88,0.984,Tier 1 (bulletproof DBD-specific),+
HepG2,0,AGTTAATTATTAACCAA,TAATTATTAAC,chr22_21674843-21675189,79,0.984,Tier 1 (bulletproof DBD-specific),+
HepG2,0,AGTTAATTATTAACCAA,TAATTATTAAC,chrX_70527017-70527402,156,0.984,Tier 1 (bulletproof DBD-specific),+
HepG2,0,AGTTAATTATTAACCAA,TAATTATTAAC,chr1_3219293-3219810,557,0.984,Tier 1 (bulletproof DBD-specific),-
HepG2,0,AGTTAATTATTAACCAA,TAATTATTAAC,chr1_19130462-19130836,79,0.984,Tier 1 (bulletproof DBD-specific),-
HepG2,0,AGTTAATTATTAACCAA,TAATTATTAAC,chr1_118914331-118914828,271,0.984,Tier 1 (bulletproof DBD-specific),-
HepG2,0,AGTTAATTATTAACCAA,TAATTATTAAC,chr1_153612597-153613089,307,0.984,Tier 1 (bulletproof DBD-specific),-
HepG2,0,AGTTAATTATTAACCAA,TAATTATTAAC,chr1_160542456-160542899,127,0.984,Tier 1 (bulletproof DBD-specific),-
HepG2,0,AGTTAATTATTAACCAA,TAATTATTAAC,chr1_179873339-179873831,464,0.984,Tier 1 (bulletproof DBD-specific),-
HepG2,0,AGTTAATTATTAACCAA,TAATTATTAAC,chr1_200895894-200896293,96,0.984,Tier 1 (bulletproof DBD-specific),-
HepG2,0,AGTTAATTATTAACCAA,TAATTATTAAC,chr1_208252464-208252830,139,0.984,Tier 1 (bulletproof DBD-specific),-
HepG2,0,AGTTAATTATTAACCAA,TAATTATTAAC,chr1_213052204-213052610,70,0.984,Tier 1 (bulletproof DBD-specific),-
HepG2,0,AGTTAATTATTAACCAA,TAATTATTAAC,chr2_32442003-32442512,286,0.984,Tier 1 (bulletproof DBD-specific),-
HepG2,0,AGTTAATTATTAACCAA,TAATTATTAAC,chr2_86627979-86628423,317,0.984,Tier 1 (bulletproof DBD-specific),-
HepG2,0,AGTTAATTATTAACCAA,TAATTATTAAC,chr2_102024883-102025295,178,0.984,Tier 1 (bulletproof DBD-specific),-
HepG2,0,AGTTAATTATTAACCAA,TAATTATTAAC,chr2_111920204-111920736,1123,0.984,Tier 1 (bulletproof DBD-specific),-
HepG2,0,AGTTAATTATTAACCAA,TAATTATTAAC,chr2_162091616-162091961,103,0.984,Tier 1 (bulletproof DBD-specific),-
HepG2,0,AGTTAATTATTAACCAA,TAATTATTAAC,chr2_187865046-187865474,217,0.984,Tier 1 (bulletproof DBD-specific),-
HepG2,0,AGTTAATTATTAACCAA,TAATTATTAAC,chr2_201758174-201758690,448,0.984,Tier 1 (bulletproof DBD-specific),-
HepG2,0,AGTTAATTATTAACCAA,TAATTATTAAC,chr2_241351232-241352183,674,0.984,Tier 1 (bulletproof DBD-specific),-
HepG2,0,AGTTAATTATTAACCAA,TAATTATTAAC,chr3_27158268-27158579,74,0.984,Tier 1 (bulletproof DBD-specific),-
HepG2,0,AGTTAATTATTAACCAA,TAATTATTAAC,chr3_30597133-30597687,1118,0.984,Tier 1 (bulletproof DBD-specific),-
HepG2,0,AGTTAATTATTAACCAA,TAATTATTAAC,chr3_66504722-66505188,209,0.984,Tier 1 (bulletproof DBD-specific),-
HepG2,0,AGTTAATTATTAACCAA,TAATTATTAAC,chr3_170079688-170080262,332,0.984,Tier 1 (bulletproof DBD-specific),-
HepG2,0,AGTTAATTATTAACCAA,TAATTATTAAC,chr4_7810158-7810584,303,0.984,Tier 1 (bulletproof DBD-specific),-
HepG2,0,AGTTAATTATTAACCAA,TAATTATTAAC,chr4_77928272-77928608,62,0.984,Tier 1 (bulletproof DBD-specific),-
HepG2,0,AGTTAATTATTAACCAA,TAATTATTAAC,chr4_99086227-99086687,173,0.984,Tier 1 (bulletproof DBD-specific),-
HepG2,0,AGTTAATTATTAACCAA,TAATTATTAAC,chr4_151824708-151825031,106,0.984,Tier 1 (bulletproof DBD-specific),-
HepG2,0,AGTTAATTATTAACCAA,TAATTATTAAC,chr5_52789342-52789829,298,0.984,Tier 1 (bulletproof DBD-specific),-
HepG2,0,AGTTAATTATTAACCAA,TAATTATTAAC,chr5_116571612-116571901,49,0.984,Tier 1 (bulletproof DBD-specific),-
HepG2,0,AGTTAATTATTAACCAA,TAATTATTAAC,chr5_134415847-134416354,519,0.984,Tier 1 (bulletproof DBD-specific),-
HepG2,0,AGTTAATTATTAACCAA,TAATTATTAAC,chr6_5119027-5119357,76,0.984,Tier 1 (bulletproof DBD-specific),-
HepG2,0,AGTTAATTATTAACCAA,TAATTATTAAC,chr6_40957919-40958357,225,0.984,Tier 1 (bulletproof DBD-specific),-
HepG2,0,AGTTAATTATTAACCAA,TAATTATTAAC,chr6_43833744-43834059,159,0.984,Tier 1 (bulletproof DBD-specific),-
HepG2,0,AGTTAATTATTAACCAA,TAATTATTAAC,chr6_56624246-56625111,652,0.984,Tier 1 (bulletproof DBD-specific),-
HepG2,0,AGTTAATTATTAACCAA,TAATTATTAAC,chr6_106731175-106731629,337,0.984,Tier 1 (bulletproof DBD-specific),-
HepG2,0,AGTTAATTATTAACCAA,TAATTATTAAC,chr6_138227240-138227727,155,0.984,Tier 1 (bulletproof DBD-specific),-
HepG2,0,AGTTAATTATTAACCAA,TAATTATTAAC,chr6_151402186-151402657,65,0.984,Tier 1 (bulletproof DBD-specific),-
HepG2,0,AGTTAATTATTAACCAA,TAATTATTAAC,chr7_1045398-1045829,233,0.984,Tier 1 (bulletproof DBD-specific),-
HepG2,0,AGTTAATTATTAACCAA,TAATTATTAAC,chr7_43530513-43530941,166,0.984,Tier 1 (bulletproof DBD-specific),-
HepG2,0,AGTTAATTATTAACCAA,TAATTATTAAC,chr7_47147215-47147728,254,0.984,Tier 1 (bulletproof DBD-specific),-
HepG2,0,AGTTAATTATTAACCAA,TAATTATTAAC,chr7_66611304-66611798,413,0.984,Tier 1 (bulletproof DBD-specific),-
HepG2,0,AGTTAATTATTAACCAA,TAATTATTAAC,chr7_90767055-90767589,290,0.984,Tier 1 (bulletproof DBD-specific),-
HepG2,0,AGTTAATTATTAACCAA,TAATTATTAAC,chr8_17498152-17498560,120,0.984,Tier 1 (bulletproof DBD-specific),-
HepG2,0,AGTTAATTATTAACCAA,TAATTATTAAC,chr8_22365304-22365836,841,0.984,Tier 1 (bulletproof DBD-specific),-
HepG2,0,AGTTAATTATTAACCAA,TAATTATTAAC,chr8_30582645-30583041,198,0.984,Tier 1 (bulletproof DBD-specific),-
HepG2,0,AGTTAATTATTAACCAA,TAATTATTAAC,chr8_85267493-85268261,283,0.984,Tier 1 (bulletproof DBD-specific),-
HepG2,0,AGTTAATTATTAACCAA,TAATTATTAAC,chr9_71762953-71763290,126,0.984,Tier 1 (bulletproof DBD-specific),-
HepG2,0,AGTTAATTATTAACCAA,TAATTATTAAC,chr9_105506989-105507469,246,0.984,Tier 1 (bulletproof DBD-specific),-
HepG2,0,AGTTAATTATTAACCAA,TAATTATTAAC,chr9_134434934-134435424,806,0.984,Tier 1 (bulletproof DBD-specific),-
HepG2,0,AGTTAATTATTAACCAA,TAATTATTAAC,chr9_136697871-136698406,884,0.984,Tier 1 (bulletproof DBD-specific),-
HepG2,0,AGTTAATTATTAACCAA,TAATTATTAAC,chr10_5195974-5196398,177,0.984,Tier 1 (bulletproof DBD-specific),-
HepG2,0,AGTTAATTATTAACCAA,TAATTATTAAC,chr10_7706883-7707539,1527,0.984,Tier 1 (bulletproof DBD-specific),-
HepG2,0,AGTTAATTATTAACCAA,TAATTATTAAC,chr10_59007336-59007841,914,0.984,Tier 1 (bulletproof DBD-specific),-
HepG2,0,AGTTAATTATTAACCAA,TAATTATTAAC,chr10_59108963-59109430,269,0.984,Tier 1 (bulletproof DBD-specific),-
HepG2,0,AGTTAATTATTAACCAA,TAATTATTAAC,chr10_125156691-125156996,50,0.984,Tier 1 (bulletproof DBD-specific),-
HepG2,0,AGTTAATTATTAACCAA,TAATTATTAAC,chr11_22674459-22675002,413,0.984,Tier 1 (bulletproof DBD-specific),-
HepG2,0,AGTTAATTATTAACCAA,TAATTATTAAC,chr11_73748433-73748744,124,0.984,Tier 1 (bulletproof DBD-specific),-
HepG2,0,AGTTAATTATTAACCAA,TAATTATTAAC,chr11_107203092-107203422,18,0.984,Tier 1 (bulletproof DBD-specific),-
HepG2,0,AGTTAATTATTAACCAA,TAATTATTAAC,chr12_71536068-71536469,118,0.984,Tier 1 (bulletproof DBD-specific),-
HepG2,0,AGTTAATTATTAACCAA,TAATTATTAAC,chr12_121376955-121377411,400,0.984,Tier 1 (bulletproof DBD-specific),-
HepG2,0,AGTTAATTATTAACCAA,TAATTATTAAC,chr12_123136530-123136840,72,0.984,Tier 1 (bulletproof DBD-specific),-
HepG2,0,AGTTAATTATTAACCAA,TAATTATTAAC,chr12_125101052-125101453,175,0.984,Tier 1 (bulletproof DBD-specific),-
HepG2,0,AGTTAATTATTAACCAA,TAATTATTAAC,chr13_21171501-21171851,136,0.984,Tier 1 (bulletproof DBD-specific),-
HepG2,0,AGTTAATTATTAACCAA,TAATTATTAAC,chr13_46607678-46608200,425,0.984,Tier 1 (bulletproof DBD-specific),-
HepG2,0,AGTTAATTATTAACCAA,TAATTATTAAC,chr13_97426759-97427177,118,0.984,Tier 1 (bulletproof DBD-specific),-
HepG2,0,AGTTAATTATTAACCAA,TAATTATTAAC,chr14_36791420-36791951,68,0.984,Tier 1 (bulletproof DBD-specific),-
HepG2,0,AGTTAATTATTAACCAA,TAATTATTAAC,chr14_50381840-50382297,226,0.984,Tier 1 (bulletproof DBD-specific),-
HepG2,0,AGTTAATTATTAACCAA,TAATTATTAAC,chr14_54537698-54538255,426,0.984,Tier 1 (bulletproof DBD-specific),-
HepG2,0,AGTTAATTATTAACCAA,TAATTATTAAC,chr14_54564430-54564825,116,0.984,Tier 1 (bulletproof DBD-specific),-
HepG2,0,AGTTAATTATTAACCAA,TAATTATTAAC,chr14_68679678-68680117,281,0.984,Tier 1 (bulletproof DBD-specific),-
HepG2,0,AGTTAATTATTAACCAA,TAATTATTAAC,chr14_70753484-70754033,506,0.984,Tier 1 (bulletproof DBD-specific),-
HepG2,0,AGTTAATTATTAACCAA,TAATTATTAAC,chr14_94561129-94561639,313,0.984,Tier 1 (bulletproof DBD-specific),-
HepG2,0,AGTTAATTATTAACCAA,TAATTATTAAC,chr15_60590736-60591298,750,0.984,Tier 1 (bulletproof DBD-specific),-
HepG2,0,AGTTAATTATTAACCAA,TAATTATTAAC,chr15_64716501-64716843,79,0.984,Tier 1 (bulletproof DBD-specific),-
HepG2,0,AGTTAATTATTAACCAA,TAATTATTAAC,chr17_51255448-51255921,47,0.984,Tier 1 (bulletproof DBD-specific),-
HepG2,0,AGTTAATTATTAACCAA,TAATTATTAAC,chr20_8189996-8190986,909,0.984,Tier 1 (bulletproof DBD-specific),-
HepG2,0,AGTTAATTATTAACCAA,TAATTATTAAC,chr20_11982677-11983059,40,0.984,Tier 1 (bulletproof DBD-specific),-
HepG2,0,AGTTAATTATTAACCAA,TAATTATTAAC,chr20_47200530-47201059,586,0.984,Tier 1 (bulletproof DBD-specific),-
HepG2,0,AGTTAATTATTAACCAA,TAATTATTAAC,chr20_47595981-47596544,486,0.984,Tier 1 (bulletproof DBD-specific),-
